RFID,Site,Notes
0700ED9F8E,H,formerly S; Banded as Chick from 22B 2013
030002D9C7,H,not molting; juve
0700EDC401,H,originally banded 2013 F3H
0700EDDDC8,H,originally banded 2013 F2H
030001CC84,H,originally banded 2013 F1H;molting primaries; secondaries; Detected at LOW and HIGH F2014/W15
0700EDE474,H,adult
0700EDBED1,H,formerly S; Banded as chick from box 33 2014;juve
0700EDE211,H,formerly S; Banded as Chick 2013 Box 44
0700EE1FB2,H,adult
0700EDB889,H,juve
0700EE3EF6,H,originally banded on 11/30/13 at F4H
0700EE0380,H,adult; was badly tangled; Detected LOW and HIGH F2014/W15
0700EDBD06,H,Trapped on 11/30/13 at F4H; Not brought into lab
0700ED9AAB,H,Formerly R;LB
0700EE0A3B,H,no molt; juve
0700EE0514,H,originally banded on 11/30/13 at F4H 
0700EE1A2B,H,adult; was badly tangled
0700EE26F2,H,adult
0700EE2D20,H,adult
0700EDFED4,H,Detected at LOW and HIGH F2014/W15
030001F885,H,S banded 2013 F1H;DUPLICATE COLOR CODE; Detected at LOW and HIGH F2014/W15
0700EDA35E,H,adult F
0300025F50,H,Detected at LOW and HIGH F2014/W15
0700ED9EEE,H,pair with RED PT; LB/LB at time of first capture; acted strange and limp but flew well; Detected LOW and HIGH F2014/W15
03000208C0,H,pair with RED PT; LG/LG at time of first capture; took 5 min to fly away. Present LEAR 8 April 2016. Detected at LOW and HIGH F2014/W15; Recaptured 8/21/15 with R PT; Grey/LG (0700EDDE6B)
0300025985,H,Detected at LOW and HIGH F2014/W15
0300019589,H,pair with red pt; grey/grey at time of first capture
0700EDD03A,H,pair with red pt; o/o at time of first capture; Detected at LOW and HIGH F2014/W15
030003735A,H,S banded as chick 2013 from box 11
03000317F8,H,S Banded as chick 2014  from box 41
0300026EA2,H,DUPLICATE COLOR CODE
0700EE0863,H,Detected at LOW and HIGH arrays F2014/W15
0700EE0384,H,KILLED LATE 2015
0700EDBA2B,H,Broken toe nail (on recap 10/30/15)
0700EE0490,H,Recap w/ Y PT; R (0700EE3FC8) 11/4/15
0700EDC61E,H,Stumpy! Removed PIT tag; new RFID 011017A7DF. Stumpy lives! PIT tag previously removed due to injury; NEW PIT placed on healthy leg and old color bands removed -- Jan 2018
0700ED87E0,H,pair w R PT; LG/R? at time of first capture
0700ED9204,H,pair w R PT; LB/R at time of first capture
03000214A1,H,DUPLICATE COLOR CODE
030003142F,H,formerly blue/g;R PT 030003142F - rebanded due to large growth on R leg
0300022A87,H,KILLED LATE 2015
0700EDDD15,H,originally banded F4H 2013 
0700EE0988,H,originally banded F4H 2013
030001E59A,H,Recaptured 8/21/15 with Black/LG;RPT (0700EE34A2)
0700EE2010,H,DUPLICATE COLOR CODE
0300023011,H,S banded 2013 as chick box 11;DUPLICATE COLOR CODE
0300027217,H,DIED;  found in nest; Egg  Bound Breeding 2018
0700EE0945,H,Adult
0300022B1E,H,Was mistakenly recorded as the female at BOX B21 H in 2016
030001A0E8,H,Detected at LOW array F2015/W16
0700EDEFA0,H,S banded as chick 2013 box 21
030002A7B9,H,S banded as chick 2013 box 11
0700EDD584,H,KILLED LATE 2015
0700EE2818,H,S banded as chick 2013 box 14
0700EDE52B,H,S banded at H (no box #) as chick 2006!!!;S not in our database!
0700EE2926,H,caught at box 38 but not breeding there
0700EE34A2,H,Adult. Caught with Blue/Grey;R PT (030001E598)
0700EE2DC4,H,Juvie
0700EDEE35,H,Juvie
0700EDDE6B,H,Adult. Caught with R PT; LB/LB (03000208C0)
0700ED8B2A,H,S banded as chick Box 14 in 2015;Juvie
0700EDCA23,H,Juvie
0700EE33B0,H,Juvie
0700EDEA8D,H,Adult
0700EE279F,H,Juvie?
0700EE32F3,H,DUPLICATE COLOR CODE. Adult
0700EDB014,H,DUPLICATE COLOR CODE. Juvie. Caught with R PT;O/LB (0700EDE6F8) 9/7/15.
0700EDC234,H,Adult
0700EDE18E,H,Juvie. Not much blood taken 9/7/15.
0700EE3795,H,Juvie
0700EDA4FD,H,Juvie
0700EDBC15,H,Juvie
0700EDB060,H,Adult. Low amounts of blood collected 9/7/15.
0700EE2A8F,H,Adult??
0700EDE6F8,H,Adult. Caught with G/Y;R PT (0700EDB014)
0700EE15A1,H,Adult
0700EE0D9E,H,Adult
0700EDD0DB,H,S banded 2015 as chick from box 13
0700EDFEDD,H,S banded as chick 2015 from box 1;Juvie
0700EDDA56,H,S banded as chick 2015 from box 24;Juvie
0700EDF72F,H,Juvie. Possible pair with Y/LB;R PT(0700EE1D05) 9/7/15.
0700EDF523,H,Juvie
0700EE1D05,H,Adult. Possible pair with Y/Black;R PT (0700EDF72F) 9/7/15.
0700EDD70A,H,KILLED LATE 2015 Adult
0700EDC317,H,Juvie; female?
0700ED8EA0,H,DUPLICATE COLOR CODE. Juvie
0700EDEF65,H,DUPLICATE COLOR CODE. Adult. Caught with S2740-25258/R;Black PT(0700EDFC56) 9/11/15.
0700EE22CA,H,Adult
0700ED8CFC,H,Juvie
0700EDFC56,H,S banded as chick 2015 from box 22-1;Juvie. Caught with O/Grey; R PT (0700EDEF65) 9/11/15.
0700EDA539,H,Juvie
0700EDE2C7,H,Juvie
0700EDE73A,H,Adult; vladimir pulled tail off 10/7/15
0700EE124B,H,Juvie; DUPLICATE COLOR CODE
0700EDDBF7,H,Juvie; DUPLICATE COLOR CODE
0700EDDC13,H,Juvie
0700EDD008,H,Juvie
0700EDB530,H,carrie pulled tail off
0700EE17A2,H,Adult
0700ED99E7,H,S banded as chick 2015 from box 32;Juvie
0700EDB0B1,H,S banded as chick 2015 from box 28;Juvie
0700EE1FD2,H,Didn't fly right away at TOIC
0700EDBF75,H,formerly duplicate R PT; Black/grey; rebanded 11/11/15
0700EDAD5E,H,DUPLICATE COLOR CODE
0700EE3FC8,H,caught with R PT;B/R (0700EE0490) at TOIC
0700EDAC35,H,Adult
0700EDAEBA,H,Juv
0700EE1AE8,H,Adult??
0700EE452C,H,juv
0700EE1435,H,Juv
0700EDF2B7,H,Adult??
0700EDAB25,H,Juv.
0700ED860D,H,Juv;
0700EDBFD5,H,Tail lost at TOIC. 
0700EDB878,H,S banded as nestling 2015 from box 33-4;Box 33-4 nestling. Re tagged 6/24/18 old PIT (0700EDB878)
0700EE39B9,H,Juv; captured with  R/Grey;Y PT (0700EE4575).  
0700EE4575,H,Adult; ÃŠcaptured with R;Y PT (0700EE39B9) at TOIC.
0700EE11BC,H,Adult
0700EDAEF6,H,Adult
0700EE1854,H,Detected at LOW F2014/W15
0700EDF3AC,H,Juv.; detected at LOW and HIGH arrays F2015/W16
0700EDF6A7,H,Juv
0700EDA4AA,H,Adult
0700ED953B,H,WAS RESIGHTED AT LEAR8 2/8/16; was subordinate to other birds at feeder. Not recorded at LEAR 8 before 1/28/16 or any other arrays before then
0700EDFFA8,H,Juv
0700EDD7F7,H,captured w BLUE PT; R/Y
0700EE1B3E,H,captured w BLUE PT; R/O
0700ED98EA,H,Juv
0700EDF0C7,H,Juv
0700EE255C,H,Juv
0700ED9E68,H,Juv
0700EDE290,H,Juv
0700EDF35B,H,Juv
0700EDDCA8,H,Juv
0700EDBB5C,H,Juv
0700EDEEA1,H,Juv
0700ED9E31,H,Juv
0700EDE244,H,Juv
0700EDFF57,H,Captured breeding in a box at LOW 
0700EE1503,H,Juv
0700EE3916,H,Juv
0700EE17A6,H,Juv
0700EE2DBB,H,Juv
0700EE0014,H,Present at LEAR8 April 2016 and detected LOW and HIGH arrays F2015/W16
0700EE026F,H,S banded 2013 as chick from box 18
011017A272,H,S banded F4H 2013;*RECAPTURED 2/12/16 at F8L! Last recorded at F3H on 1/28/16 (battery died on this day)
0700EE0369,H,Detected at LOW and HIGH arrays F2015/W16
0700ED8B71,H,Looks like was tailless but tail now growing back at TOIC.
0700EE2B53,H,Former tailless @ TOIC
0700EE0BA3,H,Feather parasites @ TOIC.
0700EDF646,H,Present at LEAR8 April 2016; Detected LOW and HIGH F2015/W16
0700EE355F,H,S banded as chick in BOX 7 H in 2014
011017A327,H,nestling @ Box 4A H 2016
0700EE0395,H,tail taken fall 2019
0700EE4300,H,tail taken 2019
011017A5AA,H,nestling @ Box 18 H 2016
0110179DFA,H,nestling @ Box 41 H 2016
0700EDE028,H,nestling @ Box 21 H 2016;feather taken fall 2019
0700EDA702,H,feather taken 2019
0700EDCB97,H,feather taken 2019
0700EDC0C6,H,feather taken 2019
0700ED9813,H,nestling @ Box 1 H 2016
0700EE32A9,H,nestling @ Box 8A H 2016
0700EE3C13,H,tail feather taken 2019
0700EDABF7,H,nestling @ Box 44 H 2016
0700EE159B,H,MISSING BAND COMBO in book; double check!
0700EDB70E,H,nestling @Box 6 H 2013
011017999B,H,nestling @ Box 1-3 H 2016
0700EDD65F,H,NEW BAND COMBO: _; BLUE PT. Injury on Left Leg; removed color bands and placed original PIT tag on uninjured right leg
0700EDD4E1,H,feather taken 2019
0700EDF308,H,Nestling @ Box B5-1 H 2016
0700EE1819,H,nestling @ Box 44 H 2016
0700EDF321,H,nestling @ Box 41 H 2016
011017A009,H,nestling @ Box 33 H 2016
0110179607,H,nestling @ Box 8A H 2015
0700EDC75C,H,"Pics and feathers taken 2018
0700EDB111,H,nestling @ Box 36 H 2016;DIED (Found egg-bound Box A15)
0700EDB721,H,nestling @ Box 43-1 H 2016
0110179E70,H,nestling @ Box 1 H 2016
0110179BAB,H,feather taken fall 2019
0700EDF46D,H,nestling @ Box 34 H 2016
011017A3DB,H,nestling @ Box 5 L 2016!; HOWEVER S2740-25642 (Box 5L) could be misread of S2740-25692 (Box B5-1H) 
0700EDC775,H,nestling @ BOX 29-1 H 2017
01101797F0,H,adult with ongoing moult
01101796B3,H,nestling @ BOX 21 H 2017
01101799DA,H,juv
0700EDB83F,H,nestling @ BOX 24 H 2017
0700EE003D,H,nestling @ BOX 21 H 2017
01101796AE,H,nestling @ BOX 24 H 2017
01101797F4,H,nestling @ BOX 7 H 2017
0700EE43A6,H,nestling @ BOX 7 H 2017
0110179FED,H,nestling @ BOX 29A H 2017
0110179588,H,nestling @ BOX 29A H 2017
0700EDCE9B,H,nestling @ BOX 29A H 2017
0700EDAEEF,H,nestling @ 5A H RENEST 2017
011017A3F5,H,juv
0110179A53,H,juv
0110179CC6,H,juv
011017A794,H,juv
011017A092,H,nestling @ BOX 34 H 2017
011017A832,H,juv
01101799F0,H,juv
0110179CCD,H,juv
011017A74B,H,nestling @ BOX 34 H 2017 ;bald spot on head
011017A83A,H,juv
011017A7DE,H,juv
011017A4B4,H,juv
0110179DD5,H,juv
0110179D52,H,feather taken 2019
0700ED870D,H,juv
0700EDF471,H,juv
011017A53C,H,juv
0700EE1410,H,juv
011017975A,H,adult
0700EE0029,H,juv
011017A131,H,juv
011017987D,H,nestling @ BOX 41 H 2016;adult
0700EDAF52,H,juv
011017A66F,H,adult
0700EDA46A,H,adult
01101799A2,H,juv
0700ED9583,H,nestling 2017 at box 64A LOW;juv
0700EDB888,H,juv
0700EE42B1,H,feather taken fall 2019
0700EDEE86,H,juv
0700EDAA45,H,nestling @ BOX 7 H 2017
011017A089,H,juv
0700ED990E,H,adult
0700EE09F8,H,juv
0700EE2A07,H,juv
0700EDB544,H,adult
0700EDD8A3,H,juv
011017A38C,H,juv
0700ED90AA,H,nestling @ BOX 22 H 2017
0700ED936A,H,juv
0700ED985B,H,adult
0700EE3F26,H,adult
0700ED9E61,H,juv
011017A126,H,juv
0700EDB2DC,H,juv
011017A362,H,juv
0700EDADD1,H,feather taken fall 2019
0700EDF205,H,juv
011017A601,H, nestling Box 4A H; 2016;adult
0700EE08CB,H,feather taken fall 2019
011017A1B1,H,feather taken fall 2019
0700EDDCB5,H,JUV
011017A0AA,H,adult
0700EDA769,H,adult
0700EE220E,H,adult
0700ED9FCD,H,JUV
011017A0F3,H,JUV
0700EDDF34,H,JUV
0110179D6B,H,ADULT
0700EDD6B2,H,JUV
011017A375,H,"ADULT
0700EE0804,H,JUV
011017A7CF,H,ADULT
0700ED9BCF,H,JUV
0700EE0933,H,JUV
0700EE4426,H,JUV
0700ED8873,H,JUV
0700ED89A6,H,JUV
0700EE31C6,H,JUV
011017A58B,H,JUV
0700EDA065,H,JUV
0700EDE00E,H,banded Box 33-1 H; 2017
0700EE33F9,H,JUV
0110179E5D,H,AD?
0110179B73,H,AD?
0700EE1132,H,JUV
0110179FA8,H,JUV
0110179CDC,H,JUV
0700EDDAA7,H,JUV
0700EE1998,H,JUV
0110179726,H,JUV
0700ED9194,H,Pics and feathers taken 2018
01101798E7,H,Nesting from Box 12H 2018;pics and feathers taken 2018
0700EE411B,H,Pics and feathers taken 2018
0700ED0584,H,Nestilng from Box 5-2H 2018;pics and feathers taken 2018
0700ED92CC,H,Pics and feathers taken 2018
0700EDE494,H,Pics and feathers taken 2018
011017A0B2,H,Nestling from Box 33-2H 2018;"Pics and feathers taken 2018
0700EE36B9,H,Tail feather collected 2018
0700EE29AB,H,no blood; tail feather collected 2018
0700EDDC12,H,"no blood; tail feather collected 2018
0700EDB504,H,no blood; tail feather collected 2018
0700EDC782,H,no blood; tail feather collected 2018
0700EDD683,H,no blood; tail feather collected 2018
0700ED9486,H,no blood; tail feather collected 2018
0700EDFC00,H,Nestling from Box 12H 2018;Tail feather collected 2018 and 2019
01101798A1,H,no blood; tail feather collected 2018
0700EDDD27,H,no blood; tail feather collected 2018
0700EDCBB7,H,no blood; tail feather collected 2018
011017A2FF,H,no blood; tail feather collected 2019
011017A764,H,no blood; tail feather collected 2019
0700ED9ACB,H,no blood; tail feather collected 2019
0700EE43AE,H,"no blood; tail feather collected 2019
0700EE242F,H,no blood; tail feather collected 2019
011017A38D,H,no blood; tail feather collected 2019
0700EDB804,H,no blood; tail feather collected 2019
0700EDDC65,H,no blood; tail feather collected 2019
011017A00E,H,"no blood; tail feather collected 2019
011016CF2B,H,no blood; tail feather collected 2019
01103F8CCB,H,no blood; tail feather collected 2019 and fall 2019
01103F6B2D,H,no blood; tail feather collected 2019
011016DAB0,H,no blood; tail feather collected 2019
01103F64A2,H,no blood; tail feather collected 2019
01103F78B9,H,no blood; tail feather collected 2019
0700ED99D6,H,Old bird. Captured without PIT (NOTHING; Y/R) Possible PIT tag failure. 
011016AA87,H,no blood; tail feather collected 2019
0110174484,H,Nestling from Box 29A H 2018; tail feather collected 2019 and Fall 2019
011016E6F6,H,no blood; tail feather collected 2019 and fall 2019
011016F8EA,H,no blood; tail feather collected 2019
011016BC93,H,no blood; tail feather collected 2019 and fall 2019
011016EC1F,H,no blood; tail feather collected 2019; odd bump/defect on bill
0110173587,H,Nestling from Box 28-2 H 2018;tail feather collected 2019
01101744BA,H,Nestling from Box 35-1A H 2018; tail feather collected 2019 and Fall 2019
011016E90A,H,no blood; tail feather collected 2019
011016D7B8,H,"no blood; tail feather collected 2019
0110172798,H,Nestling from Box 1-1 H 2018;tail feather collected 2019 and fall 2019
011016DEED,H,no blood; tail feather collected 2019
01101700D6,H,no blood; tail feather collected 2019 and Fall 2019
011016D8FB,H,check for testing;no blood; tail feather collected 2019
011016A5C0,H,no blood; tail feather collected 2019
011016AF74,H,no blood; tail feather collected 2019
011016AE4D,H,no blood; tail feather collected 2019
011016D1FB,H,no blood: tail feather collected 2019
011016BF32,H,no blood: tail feather collected 2019 and feather taken fall 2019
011016E240,H,no blood: tail feather collected 2019
011016B0B2,H,no blood; tail feather collected 2019
011016D09F,H,no blood; tail feather collected 2019
011016BF54,H,no blood; tail feather collected 2019
011016A6B4,H,no blood; tail feather collected 2019
01103F8935,H,no blood: tail feather collected 2019 and feather taken fall 2019
011016D443,H,no blood; tail feather collected 2019
0110173156,H,Nestling from Box 18A H 2018;no blood or feather
01101732B5,H,Nestling from Box 13 H 2018;feather taken 2019
011016BC94,H,no blood; tail feather collected 2019
011016DD63,H,"no blood; tail feather collected 2019
011016EAC1,H,no blood; tail feather collected 2019
011016BE84,H,no blood; tail feather collected 2019
011016C70D,H,feather taken 2019 fall
011016A45C,H,feather taken 2019
01101742EF,H,Nestling from BOX 10 H 2019;feather taken 2019
0110170406,H,Nestling from BOX B19 H 2019;feather taken 2019
0110171EAB,H,Nestling from BOX 18A H 2018;feather taken 2019
01103F3973,H,feather taken 2019
011016E4E1,H,feather taken 2019
011016D0C1,H,Nestling from BOX 19 L 2019;"feather taken 2019
01103F9064,H,feather taken 2019 and fall 2019
011016AC8F,H,feather taken 2019
011016D572,H,feather taken 2019
011016B0A5,H,feather taken 2019
011017113D,H,Nestling from BOX 21-1 H 2019;feather taken 2019
011016B272,H,Feather taken 2019
011016CFBC,H,feather taken 2019
011016AF70,H,feather taken 2019
011016BF2F,H,feather taken 2019
011016EF4A,H,feather taken 2019
01103F39F2,H,feather taken 2019
011016EAEB,H,feather taken 2019
01101723F3,H,Nestling from BOX B6 H 2019;feather taken 2019
011016D154,H,feather taken 2019
011016BD4F,H,feather taken 2019
011016F3EE,H,feather taken 2019
011016F551,H,feather taken 2019
011016CC48,H,feather taken 2019
011016A35C,H,feather taken 2019
011016E0EC,H,feather taken 2019
01101704D2,H,Nestling from BOX 41 H 2019;feather taken 2019
01103F6C0F,H,feather taken 2019
011016C2C4,H,feather taken 2019
01103F399C,H,feather taken 2019
011016A92C,H,feather taken 2019
0110172CF6,H,Nestling from BOX 10 H 2018;feather taken 2019
011016ADC1,H,feather taken 2019
011016D163,H,feather taken 2019
0700EDE399,H,feather taken 2019
011017A528,H,feather taken 2019
0110174182,H,Nestling from BOX 13 H 2018;feather taken 2019
011017A318,H,feather taken 2019
011017A4CC,H,feather taken 2019
0700EE1EDA,H,feather taken 2019
0700ED902C,H,feather taken 2019
011017A0B6,H,feather taken 2019
01101797D6,H,feather taken 2019
0700EE3EBF,H,feather taken 2019
0700EE0EA8,H,feather taken 2019
0700EE1892,H,feather taken 2019
011017A1AA,H,feather taken 2019
0700EE084F,H,Nestling from BOX B9 H 2018;feather taken 2019
0700EDD4F2,H,Nestling from BOX 26 H 2018;feather taken 2019
0700EDBE06,H,feather taken 2019
0700EE06DC,H,Nestling from BOX 6A H 2019;feather taken 2019
0700EDC331,H,feather taken 2019
0700EDFDEB,H,Nestling from BOX 43-2 H 2018;feather taken 2019
0700EE2DB0,H,feather taken 2019
0700EDA30F,H,feather taken 2019
01101795DD,H,feather taken 2019
0700EDF0D5,H,Nestling from BOX 12A H 2018;feather taken 2019
0700EDA581,H,feather taken 2019
0700EE02EC,H,feather taken 2019
0700ED8963,H,feather taken 2019
0110179C0E,H,feather taken 2019
0700EDC37C,H,"feather taken 2019
0700EDC450,H,Nestling from BOX 10 H 2019;feather taken 2019
0700EDFEC7,H,feather taken 2019
0700ED8D1B,H,feather taken 2019
0700ED9EB0,H,feather taken 2019
0110179B6B,H,feather taken 2019
0700ED8B4F,H,feather taken 2019
0300023F00,L,DIED IN NET FALL 2015 adult; molting primaries; secondaries
030003BC76,L,adult m; molting secondaries
0700EE04B3,L,molting outer tail; secondaries; OLD PIT TAG: 0700EE04B3
0700EE182E,L,KILLED LATE 2015 AT LEAR3 VVP molting secondaries
0700EDF91A,L,formerly S; banded 6/23/2013 as chick; from boxes near F7L
0700EE28DD,L,molting secondaries
0700EE0796,L,originally banded F5L 11/30/2013 as adult;molting primaries
0300035196,L,molting primaries; secondaries
030002D01B,L,recaptured 12/26/14 at F8L
0700EDF951,L,adult. Has growth above PT; PT moves freely 9/18/15.
0700EDFC08,L,molting primaries; secondaries
0700EE0832,L,recaptured 11/19//14 at F5L
030001F5E3,L,formerly S; banded as chick 2014 - from box 33; WAS B PT;SY BUT THEN CHANGED TO SW IN FALL 2015;pair with grey/blue pt at time of first capture
0700EE3185,L,pair with blue pt/SY at time of first capture
0700EE0FCF,L,pair w blue;black pt at time of first capture
0700EE0791,L,S banded as chick 2014 box 13B L;pair w lg;black pt at time of first capture
0700EE2338,L,originally banded 2013 F4L captured as adult
0700EDFC9F,L,pair w black pt;white at time of first capture
0700ED9C83,L,pair w lb;black pt
0700EDED2A,L,pair w green;black pt
0700EDBBFC,L,pair w black pt;LG/S at time of first capture
 030001BAA3,L,DIED 3/1/2017. PIT tag changed 1/27/2017 OLD ID 030001BAA3; stopped reading
0300038570,L,formerly S; banded as chick from box 13 L 2014
03000238E7,L,didn't fly for several minutes
0300027CC3,L,3rd capture. Was W;DG first captured Oct 2012. Then was W; SG second capture Dec 2013
030001AA57,L,recaptured 12/26/14 at F8L
03000393B8,L,didn't fly for app 30 min
030002A904,L,didn't fly right away
0700EE3087,L,formerly S; banded as chick 2013 if4.right L
0300035E65,L,formerly S; banded as chick 2013 if6.right
030001A1C9,L,originally banded F4L 2013;DIED
0300028599,L,lost tail
0300019E94,L,formerly S; banded as chick box 7 L 2014
0700EE26D8,L,formerly S; banded as chick 13B L; 2014;formerly 0700EE26D8; replaced 8/19/15
0700EE16FA,L,S banded as chick 2014 Box 54 L;Detected LOW and HIGH arrays F2014/W15
030002AF09,L,originally banded F4L 2013
030002CF5E,L,lost tail at capture
0700EE2D14,L,adult
0700EE243D,L,S banded as chick if7.left 2013
0300035D05,L,Broken PIT; replaced 19 Oct 2018 for old records see 0300035D05; feathers and pics taken 2018
030002FE1D,L,S banded as chick box 7 L 2014
0300039CDC,L,originally banded F4L 2013
0300023AA1,L,originally banded F1L 2013 
0300020B2F,L,S banded as chick 2014 box if7 L
0700EDFF49,L,originally banded F5L 2013
0700EDBBDA,L,S banded as chick 2014 box 54 L
0700EE2C9F,L,adult at TOIC
0700EE052C,L,paired with BLUE PT; S/Y
0700EDAF92,L,juve at TOIC
0700EDADAF,L,adult at TOIC
0700EDA9B0,L,juve at TOIC
0700EE164C,L,fledged from box 26 in 2015
0700EE4393,L,fledged from box 3 in 2015;missing toenail; lots of white on head
0700EDC967,L,S banded as chick if5.left 2013;adult at TOIC
0700EDB700,L,adult at TOIC
0700EE2E69,L,juve at TOIC; caught w W/W; GREY PT
0700EE0CAF,L,juve at TOIC
0700EE0CE2,L,juve at TOIC
0700EE403D,L,juve at TOIC
0700EDB9A3,L,juve at TOIC
0700EDB8E2,L,adult at TOIC; missing blood sample; collect a 2nd if possible
0700EE04E2,L,fledged from box 3 In 2015;juve at TOIC
0700EDF56D,L,juve at TOIC
0700EDE0DC,L,juve at TOIC
0700ED9150,L,juve at TOIC
0700EDF371,L,juve at TOIC
0700EDBE94,L,adult at TOIC; caught w Y/Y; GREY PT
0700EDF9A8,L,juve at TOIC
0700EE0CD0,L,first was W;G; then S banded 2013 F5L;adult at TOIC
0700EDEA14,L,adult at TOIC
0700EE3D69,L,adult at TOIC
0700ED86F9,L,adult at TOIC
0700EDA64F,L,juve at TOIC
0700EE122D,L,juve at TOIC
0700EDA810,L,adult at TOIC
0700EDEDCD,L,caught with grey pt; lg
0700EDD440,L,adult at TOIC
0700EDC62E,L,juve at TOIC
0700EDECF8,L,adult at TOIC
0700EDF2CA,L,adult at TOIC
0700EE4473,L,adult at TOIC
0700EDAF28,L,juve at TOIC
0700EDA1F5,L,adult at TOIC
0700ED935E,L,adult at TOIC
0700EDA1AE,L,originally banded F3L 2013;adult at TOIC
0700EDB448,L,juve at TOIC
0700EE35C0,L,adult at TOIC
0700EDA8DD,L,adult at TOIC
0700EDC72C,L,adult at TOIC
0700EDE9FE,L,Originally S banded F5L 2013;adult at TOIC
0700EDFC73,L,S banded as chick 2015 27B;juve at TOIC
0700ED97FC,L,originally banded F1L 2013;adult at TOIC
0700EE1D35,L,adult at TOIC
0700EDB10A,L,juve at TOIC
0700ED8B4D,L,juve at TOIC
0700EDA70B,L,adult at TOIC
0700EDF46B,L,adult at TOIC
0700EDC6A6,L,adult at TOIC
0700EDA6A5,L,juve at TOIC
0700EE01DB,L,juve at TOIC
0700ED8C62,L,juve at TOIC; caught w G/B; blue pt
0700EDC0CD,L,juve at TOIC
0700EDCC4E,L,juve at TOIC
0700EE0C3E,L,adult at TOIC
0700EE2529,L,juve at TOIC
0700EDCEB2,L,juve at TOIC; caught w G/Y; blue pt
0700EDBD29,L,juve at TOIC; extremely tangled in net
0700EDBAD4,L,adult at TOIC
0700EDF4B5,L,juve at TOIC
0700EDC4F2,L,Juve at TOIC; caught with G/W;GREY PT (0700EE43B8) 9/18/15.
0700EE4214,L,adult at TOIC
0700EE3D89,L,adult at TOIC
0700EE43B8,L,Juve at TOIC; caught with G/Black;Grey PT (0700EDC4F2) 9/18/15.
0700EDFEE7,L,Adult at TOIC
0110179868,L,originally banded F1L 2013
0700EE28B9,L,adult at TOIC
0700EDA554,L,adult at TOIC
0700EE3A95,L,juvie at TOIC
0700EE0B52,L,adult at TOIC
0700EDFCB1,L,Juvie at TOIC
0700EDE972,L,"small blood sample
0700EE05D4,L,didn't fly right away
0700EDD808,L,didn't fly right away
0700EDAC08,L,S banded as chick 2014 IF9 L
0700EDEC59,L,Recap 2/12/16 at LEAR8
0700EE05F8,L, Very strange; large ball-like growths (3) in cloacleal region at TOIC.
011017A80B,L,S banded as chick if2.right 2013
0700EE38ED,L,S banded as chick if2.right 2013
0700ED9C97,L,Recap 2/12/16 at LEAR8
011017A287,L,S banded as chick box 1 L 2014
0700EE2C01,L,Not our bird; awaiting banding data from USGS
030003CB5F,L,Recap 2/12/16 @ LEAR8
0700EDEAA5,L,Formerly S; banded as chick in 2014 at 64B low
0700EDF4FF,L,Bred twice 2016; found dead in box 80 L late summer; latter brood predated also;DIED BOX 80 L AUG 2016
0700ED8674,L,S banded f3.right 2013;mate from 2016 breeding season predated in box
0700EDCD28,L,S banded as chick 2014 box 34 L
0700EE3D35,L,S banded as chick box IF2 in 2015
0700EDC2E5,L,DIED BOX 37-3 L JUNE 2017. Caught w/ 0700EE28C5 @TOIC
0700EE28C5,L,Caught w/ 0700EDC2E5 @TOIC
0700EDBB53,L,Caught w/ 0700ED977D @TOIC
0700EDF1E9,L,Nestling from Box 61-1 L 2016;Caught w/ 0700ED9211 @TOIC
0700ED9211,L,Caught w/  0700EDF1E9
0700EE0FAF,L,Detected at LOW and HIGH arrays F2016/W17
0700EDB48F,L,Nestling from Box 77 L 2016
0700EE19FA,L,Nestling from Box B5-1 H 2016;Moved back to H thus NOT a Disperser
0700EDCDE0,L,Was Y PT;O/B; Changed to Y PT;LB/O because of duplicate code 3/1/2017
0700EE343A,L,Nestling from Box 47 L 2016
0700EE16E7,L,Mites present on recap 3/1/2017
0700EDD1FB,L,incorrect nest record
0700EE1199,L,pics and feather taken 2018
0700EDD5D2,L,Nestling from Box 48 L 2016
0700EDE789,L,Bad toe on R leg
0700ED9457,L,Nestling from Box 29-1 H 2016;Nestling from Box 29-1 H 2016; NOT a disperser as bird disappeared from low
0700EE2A0C,L,DEAD IN BOX 55-10 L
0700EDA7DF,L,Nestling from Box 27A L 2016
0700ED8B89,L,Detected at LOW and HIGH arrays F2016/W17
0700EE3513,L,trapped with 0700EE28B9 8/23/17
0700ED9D6D,L,Nestling from Box 16 L 2016
0700EDE577,L,not our bird! Awaiting info from USGS
0700EDBDB7,L,Nestling from Box 42 L 2016
011017A580,L,Nestling from Box 40 L 2016
0700EE4308,L,From F5L 2013 for Genomics study
0700EDE71E,L,Deceased 9/19/18; abnormally large hemotoma @ F2L
0700EE369E,L,Nestling from Box 70 L 2016
0700EE43BC,L,Nestling from Box 33 L 2014
0700EDDDAF,L,Nestling from Box 40 L 2016
030002EB78,L,Nestling from Box IF5 L 2016
0700EDA87B,L,Nestling from Box 48 L 2016
0700EE3464,L,Nestling from Box 47-1 L (SECOND NEST) 2017;Little blood 
0700EDAA04,L,JUV @ TOIC
0700EE078D,L,JUV
0700EDD533,L,S banded as chick box 22-3 L 2017;juv
0700EE1F98,L,juv
0700EE44E2,L,juv
0700EE0731,L,juv caught with 0700EDC89F
0700EDC89F,L,juv
0700EDFEE5,L,nestling from Box 12 L 2017
0700EE3CB7,L,nestling from Box 66 L 2016
0700EDB5B8,L,nestling from Box 51-1 L 2017
0700EE41CF,L,caught with 0700EDF80E
0700EDF80E,L,juv
0700EE39D0,L,dispers; nestling from Box 55-10 L 2017
0700EDEA4C,L,nestling from Box 68 L 2017
0700EE38DF,L,nestling from Box 51-1 L 2017;paired w/ 0700EDE0C0
0700ED97C0,L,nestling from Box 39-2 L 2017
0700EDE0C0,L,nestling from Box 26 L 2017;paired w/ 0700EE38DF; pics and feather taken 2018
0700EE4012,L,nestling from Box 31 L 2017
0700ED920A,L,small blood sample
0700EE394B,L,JUV
0700EDCA3E,L,JUV
0700EDC70B,L,JUV
0700EE1F4A,L,ADULT; pics and feathers taken 2018
0700EDA3E9,L,JUV
0700ED8EF0,L,JUV
0700ED8938,L,JUV
0700EDF25C,L,JUV
030002682E,L,JUV
0700EDE03F,L,JUV
0700EDF043,L,JUV
0700EDC09E,L,nestling from Box 15 L 2017
0700EE1C45,L,JUV
0700EDF8F4,L,JUV
0700EDE963,L,JUV
0700ED9496,L,JUV
0700EDE24E,L,JUV
0700EE4500,L,JUV
0700EDAE4D,L,S banded as chick Box 39-2 L in 2017;JUV
0700EDD698,L,JUV
0700EE0ED1,L,JUV
0700ED8BB7,L,JUV
0700EE3937,L,JUV; check color bands - may be duplicate Black/Grey (color band corrected) 
0700EDD973,L,JUV
0700EE29BB,L,JUV
0700EDE28D,L,very little blood
0700EDFD5D,L,Nestling from Box 51-1 2017
0700ED85C7,L,JUV
0700EE38F7,L,nestling from IF5 L 2016
0700ED8EAF,L,pics and tail collected 2018
0700EDB4A7,L,Nestling from Box 77 L 2016
0700EE15DA,L,Nestling from Box 96 L 2017
0700EDA42A,L,Nestling from BOX 19 L 2017
011017A471,L,Nestling from BOX 55-1L 2018;Pics and feathers taken
0700EE064F,L,Pics and feathers taken 2018.
0700EDBA48,L,Nestling from BOX 37-3 2018
0700EE2785,L,Pics and feathers taken 2018.
0700EE1028,L,Pics and feathers taken 2018.
0700EDB8E5,L,pic and feathers taken 2018.
0700EE316C,L,Pics and feathers taken 2018.
0700EDF6D7,L,Pics and feathers taken 2018.
011017A588,L,nestling from BOX 19 L 2017;pics and feathers taken 2018
0700EE2A71,L,Pics and feathers taken 2018.
0700EE199E,L,Pics and feathers taken 2018.+O629
0300028FB7,L,Pics and feathers taken 2018.
01101799F1,L,Nestling from BOX 37-3 L 2018;Pics and feathers taken 2018.
0300020B16,L,pic and feathers taken 2018.
01101742F9,L,Nestling from BOX 43-1 L 2018;Tail feather taken 2018 and 2019
01101714A5,L,Nestling from BOX 39-2 L 2018;tail feather taken
0300030A60,L,no blood; tail feather taken 2019
030002477D,L,no blood; tail feather taken 2019
0700EDBE68,L,no blood; tail feather taken 2019
011017388B,L,Nestling from BOX 69-1L 2018;tail feather taken
0110170546,L,no blood; tail feather taken 2019
0110172821,L,no blood; tail feather taken 2019
0700ED8D57,L,little blood; tail feather taken 2019
0110170208,L,no blood; tail feather taken 2019
0110170075,L,no blood; tail feather taken 2019
0700EE20E9,L,no blood; tail feather taken 2019
0700EE05C2,L,no blood; tail feather taken 2019
0700EE0A0D,L,tail taken 2019
030002EBD8,L,Nestling from BOX 32-1AL 2018
0700EE4554,L,CARRIE HAS PIT
0700EDDFBD,L,male in box 93 in 2019 PIT 0700EDFF57
01101748AB,L,Nestling from BOX 56 L 2017
0110170FD3,L,Nestling from BOX 29-6 L 2018
0700EDC2B6,L,female in very poor condition upon capture
01101708F1,L,Nestling from BOX 16 L 2018
011016FF71,L,Nestling from BOX 61-2 L 2018
0700EDF10F,L,small blood sample
011017055D,L,Nestling from BOX 58-3 L 2018
0110170E08,L,Nestling from BOX 61-2 L 2017
0700EDE859,L,"giant hematoma
0110173676,L,Nestling from BOX 96 L 2017;individual from natural nest on chickadee highway
01101797BD,L,Nestling from Box 48 L 2016
011016D578,L,Silver band not in our database
011016E703,L,Nestling from BOX 25-1 L 2018
0700EE2678,L,possible pox on legs but banded normally
011016CD90,L,Nestling from BOX 41 L 2019;Tail feather taken
0700EDCDC7,L,tail feather taken
0700EDDF62,L,tail feather taken
0700EDF09A,L,tail feather taken
011016A4BD,L,Nestling from BOX 65-1 L 2019;tail feather taken
011016BEBF,L,Nestling from BOX 29-6 L 2019;tail feather taken
0700EE14C4,L,tail feather taken
01101737DE,L,Nestling from BOX 25-2 L 2019;tail feather taken
0700EDC93F,L,tail feather taken
0700EE4151,L,tail feather taken
0700EE4389,L,tail feather taken
0700EE38F8,L,tail feather taken
0110174446,L,tail feather taken
0110171D74,L,tail feather taken
011016E679,L,tail feather taken
01103F64D5,L,tail feather taken
01101725E4,L,tail feather taken
0110174555,L,tail feather taken
0110171B08,L,tail feather taken
0110170872,L,tail feather taken
0110170E0D,L,tail feather taken
0110172135,L,tail feather taken
0110172261,L,"tail feather taken
011016D1D9,L,Nestling from BOX 15 L 2019;"tail feather taken
01101748F6,L,feather taken 2019
0110171F68,L,"difficulty flying
011016CA68,L,Nestling from Box 80 L 2019;tail feather taken 2019
01101739AF,L,tail taken 2019
0110173A92,L,tail taken 2019
0110171A50,L,Nestling from BOX 83 L 2018
01101740E0,L,tail taken 2019
0110171B47,L,tail taken
0110172D33,L,tail taken
01101732F7,L,tail taken
0110170D2E,L,tail taken
0110173F2F,L,tail taken
011016DF09,L,Nestling from BOX 8 L 2019
01101721D1,L,tail taken
0110174BBB,L,Nestling from BOX 22-3 L 2019;tail taken
